{
    "year": "2024年度後期",
    "url_json": "https://www.nhk.or.jp/radio-api/app/v1/web/ondemand/series?site_id={}&corner_site_id={}",
    "programs": [
        {"dir": "GGQY3M1929", "sub": "01", "title": "小学生の基礎英語"},
        {"dir": "148W8XX226", "sub": "01", "title": "中学生の基礎英語 レベル1"},
        {"dir": "83RW6PK3GG", "sub": "01", "title": "中学生の基礎英語 レベル２"},
        {"dir": "B2J88K328M", "sub": "01", "title": "中高生の基礎英語 in English"},
        {"dir": "PMMJ59J6N2", "sub": "01", "title": "ラジオ英会話"},
        {"dir": "7Y5N5G674R", "sub": "01", "title": "ボキャブライダー"},
        {"dir": "BR8Z3NX7XM", "sub": "01", "title": "エンジョイ・シンプル・イングリッシュ"},
        {"dir": "8Z6XJ6J415", "sub": "01", "title": "英会話タイムトライアル"},
        {"dir": "77RQWQX1L6", "sub": "01", "title": "ニュースで学ぶ「現代英語」"},
        {"dir": "368315KKP8", "sub": "01", "title": "ラジオビジネス英語"},
        {"dir": "983PKQPYN7", "sub": "01", "title": "まいにち中国語"},
        {"dir": "MYY93M57V6", "sub": "01", "title": "ステップアップ中国語"},
        {"dir": "LR47WW9K14", "sub": "01", "title": "まいにちハングル講座"},
        {"dir": "NLJM5V3WXK", "sub": "01", "title": "ステップアップ ハングル講座"},
        {"dir": "LJWZP7XVMX", "sub": "01", "title": "まいにちイタリア語 初級編・応用編"},
        {"dir": "N8PZRZ9WQY", "sub": "01", "title": "まいにちドイツ語 初級編・応用編"},
        {"dir": "XQ487ZM61K", "sub": "01", "title": "まいにちフランス語 初級編・応用編"},
        {"dir": "NRZWXVGQ19", "sub": "01", "title": "まいにちスペイン語 初級編・応用編"},
        {"dir": "YRLK72JZ7Q", "sub": "01", "title": "まいにちロシア語 初級編・応用編"},
        {"dir": "WKMNWGMN6R", "sub": "01", "title": "アラビア語講座"},
        {"dir": "N13V9K157Y", "sub": "01", "title": "ポルトガル語講座"},
        {"dir": "EEEE", "sub": "01", "title": "【最後の行】この行は消さない"}
    ]
}